# Derived from FOAM 02 (Zenodo record 18242697, CC-BY-4.0): Caiazzo, Kraxberger, Adams, Wurzinger, Boysen, Petrone, Schoder, De Rosa, Kaltenbacher, Adams, "FOAM 02: A dataset of impedance tube measurements with different materials and diameter variations", Acta Acustica 9 (50), 2025, doi:10.1051/aacus/2025033.
# Derivation: mean and population sd of the measured absorption coefficient over the 36 alphas.csv rows whose one-hot targets select thickness=50mm, diameter=98mm, material=Pinta Plano Polar (all 4 angles x 3 specimens x 3 repetitions); frequency axis 150..1600 Hz step 2 per the dataset Read_Me. No digitization; machine-readable data only.
freq_hz	alpha_mean	alpha_sd
150	0.12193	0.03999
152	0.12961	0.03783
154	0.12879	0.02864
156	0.12979	0.01605
158	0.12729	0.01664
160	0.12661	0.01042
162	0.13214	0.01021
164	0.13278	0.01151
166	0.13019	0.01420
168	0.13772	0.01842
170	0.13567	0.01557
172	0.13580	0.01084
174	0.13769	0.01282
176	0.13944	0.01046
178	0.14328	0.00862
180	0.14525	0.01181
182	0.14342	0.00925
184	0.14553	0.01084
186	0.14461	0.01082
188	0.14675	0.01016
190	0.14803	0.00925
192	0.14928	0.01004
194	0.15194	0.00883
196	0.15294	0.00877
198	0.15536	0.01006
200	0.15853	0.00962
202	0.15864	0.00771
204	0.15811	0.00970
206	0.15833	0.00994
208	0.16042	0.01206
210	0.16208	0.01070
212	0.16178	0.00914
214	0.16250	0.00947
216	0.16458	0.01049
218	0.16725	0.01067
220	0.16769	0.01131
222	0.16886	0.01073
224	0.17006	0.01027
226	0.17194	0.00849
228	0.17331	0.00720
230	0.17489	0.00666
232	0.17533	0.00595
234	0.17528	0.00622
236	0.17603	0.00679
238	0.17733	0.00593
240	0.17861	0.00652
242	0.17972	0.00756
244	0.18042	0.00899
246	0.18106	0.01001
248	0.18208	0.01179
250	0.18369	0.01236
252	0.18581	0.01295
254	0.18775	0.01383
256	0.19058	0.01407
258	0.19353	0.01416
260	0.19661	0.01373
262	0.20003	0.01309
264	0.20336	0.01276
266	0.20672	0.01230
268	0.20981	0.01183
270	0.21347	0.01128
272	0.21681	0.01037
274	0.22003	0.00955
276	0.22308	0.00898
278	0.22664	0.00840
280	0.22978	0.00769
282	0.23275	0.00718
284	0.23614	0.00657
286	0.23894	0.00616
288	0.24153	0.00598
290	0.24464	0.00572
292	0.24736	0.00537
294	0.24997	0.00511
296	0.25303	0.00504
298	0.25572	0.00488
300	0.25842	0.00466
302	0.26128	0.00457
304	0.26339	0.00464
306	0.26606	0.00453
308	0.26836	0.00450
310	0.27058	0.00442
312	0.27294	0.00456
314	0.27539	0.00453
316	0.27803	0.00472
318	0.28064	0.00493
320	0.28303	0.00521
322	0.28533	0.00541
324	0.28767	0.00560
326	0.29006	0.00578
328	0.29231	0.00618
330	0.29428	0.00617
332	0.29661	0.00647
334	0.29869	0.00655
336	0.30111	0.00681
338	0.30311	0.00717
340	0.30506	0.00727
342	0.30708	0.00731
344	0.30919	0.00749
346	0.31128	0.00773
348	0.31356	0.00780
350	0.31556	0.00807
352	0.31744	0.00828
354	0.31958	0.00857
356	0.32164	0.00865
358	0.32353	0.00886
360	0.32544	0.00915
362	0.32736	0.00933
364	0.32933	0.00952
366	0.33119	0.00993
368	0.33300	0.01017
370	0.33494	0.01042
372	0.33661	0.01074
374	0.33814	0.01107
376	0.33992	0.01150
378	0.34175	0.01166
380	0.34336	0.01191
382	0.34506	0.01211
384	0.34689	0.01236
386	0.34883	0.01262
388	0.35044	0.01299
390	0.35247	0.01323
392	0.35417	0.01354
394	0.35592	0.01404
396	0.35789	0.01461
398	0.35986	0.01532
400	0.36183	0.01625
402	0.36378	0.01731
404	0.36575	0.01861
406	0.36797	0.01973
408	0.36986	0.02076
410	0.37239	0.02131
412	0.37422	0.02141
414	0.37747	0.02072
416	0.37869	0.01962
418	0.38222	0.01847
420	0.38419	0.01664
422	0.38697	0.01514
424	0.38922	0.01333
426	0.39317	0.01236
428	0.39317	0.01156
430	0.39708	0.00907
432	0.40103	0.00802
434	0.40350	0.00763
436	0.40772	0.00739
438	0.40881	0.00703
440	0.41200	0.00684
442	0.41481	0.00666
444	0.41694	0.00653
446	0.41892	0.00637
448	0.42164	0.00660
450	0.42336	0.00649
452	0.42594	0.00651
454	0.42808	0.00638
456	0.43042	0.00659
458	0.43225	0.00656
460	0.43481	0.00649
462	0.43681	0.00652
464	0.43919	0.00645
466	0.44103	0.00640
468	0.44336	0.00644
470	0.44525	0.00635
472	0.44750	0.00631
474	0.44953	0.00628
476	0.45147	0.00621
478	0.45356	0.00609
480	0.45561	0.00597
482	0.45775	0.00580
484	0.45972	0.00573
486	0.46183	0.00554
488	0.46406	0.00530
490	0.46586	0.00501
492	0.46783	0.00487
494	0.47011	0.00467
496	0.47203	0.00451
498	0.47417	0.00434
500	0.47597	0.00411
502	0.47817	0.00395
504	0.48014	0.00358
506	0.48225	0.00346
508	0.48417	0.00324
510	0.48625	0.00317
512	0.48814	0.00302
514	0.49017	0.00288
516	0.49203	0.00278
518	0.49406	0.00277
520	0.49606	0.00286
522	0.49806	0.00289
524	0.50003	0.00304
526	0.50208	0.00326
528	0.50408	0.00344
530	0.50614	0.00365
532	0.50817	0.00388
534	0.51014	0.00392
536	0.51231	0.00421
538	0.51450	0.00443
540	0.51656	0.00447
542	0.51875	0.00474
544	0.52078	0.00474
546	0.52289	0.00493
548	0.52494	0.00515
550	0.52692	0.00527
552	0.52914	0.00565
554	0.53119	0.00566
556	0.53328	0.00566
558	0.53536	0.00574
560	0.53731	0.00574
562	0.53931	0.00577
564	0.54114	0.00584
566	0.54322	0.00602
568	0.54511	0.00606
570	0.54719	0.00622
572	0.54922	0.00639
574	0.55122	0.00660
576	0.55297	0.00672
578	0.55522	0.00686
580	0.55703	0.00683
582	0.55914	0.00702
584	0.56086	0.00704
586	0.56269	0.00722
588	0.56475	0.00738
590	0.56658	0.00747
592	0.56839	0.00750
594	0.57044	0.00761
596	0.57231	0.00748
598	0.57392	0.00747
600	0.57597	0.00740
602	0.57783	0.00741
604	0.57964	0.00751
606	0.58117	0.00741
608	0.58281	0.00771
610	0.58464	0.00775
612	0.58608	0.00775
614	0.58786	0.00768
616	0.58992	0.00777
618	0.59156	0.00795
620	0.59328	0.00779
622	0.59497	0.00785
624	0.59642	0.00785
626	0.59814	0.00805
628	0.59981	0.00801
630	0.60125	0.00817
632	0.60306	0.00809
634	0.60483	0.00803
636	0.60633	0.00786
638	0.60786	0.00805
640	0.60964	0.00803
642	0.61119	0.00818
644	0.61281	0.00833
646	0.61464	0.00837
648	0.61614	0.00832
650	0.61767	0.00840
652	0.61950	0.00849
654	0.62133	0.00856
656	0.62292	0.00849
658	0.62442	0.00852
660	0.62614	0.00851
662	0.62775	0.00850
664	0.62950	0.00853
666	0.63100	0.00850
668	0.63253	0.00860
670	0.63408	0.00858
672	0.63569	0.00857
674	0.63744	0.00853
676	0.63911	0.00851
678	0.64072	0.00852
680	0.64225	0.00829
682	0.64392	0.00842
684	0.64547	0.00859
686	0.64706	0.00862
688	0.64875	0.00854
690	0.65003	0.00846
692	0.65175	0.00847
694	0.65339	0.00856
696	0.65492	0.00842
698	0.65692	0.00844
700	0.65825	0.00855
702	0.65969	0.00856
704	0.66144	0.00844
706	0.66289	0.00849
708	0.66456	0.00851
710	0.66614	0.00866
712	0.66769	0.00854
714	0.66917	0.00869
716	0.67064	0.00869
718	0.67219	0.00896
720	0.67361	0.00873
722	0.67517	0.00879
724	0.67678	0.00877
726	0.67828	0.00888
728	0.67967	0.00898
730	0.68114	0.00900
732	0.68275	0.00911
734	0.68406	0.00904
736	0.68525	0.00903
738	0.68636	0.00927
740	0.68778	0.00916
742	0.68956	0.00931
744	0.69114	0.00938
746	0.69253	0.00932
748	0.69369	0.00929
750	0.69528	0.00938
752	0.69667	0.00940
754	0.69806	0.00950
756	0.69958	0.00958
758	0.70050	0.00946
760	0.70211	0.00949
762	0.70383	0.00971
764	0.70500	0.00958
766	0.70647	0.00952
768	0.70758	0.00974
770	0.70864	0.00976
772	0.71022	0.00954
774	0.71183	0.00960
776	0.71319	0.00966
778	0.71467	0.00979
780	0.71592	0.00966
782	0.71758	0.00974
784	0.71850	0.00976
786	0.72011	0.00957
788	0.72103	0.00962
790	0.72233	0.00958
792	0.72439	0.00948
794	0.72553	0.00951
796	0.72692	0.00954
798	0.72783	0.00940
800	0.72972	0.00935
802	0.73072	0.00931
804	0.73167	0.00918
806	0.73411	0.00931
808	0.73483	0.00903
810	0.73636	0.00902
812	0.73753	0.00890
814	0.73861	0.00882
816	0.74061	0.00871
818	0.74206	0.00865
820	0.74342	0.00856
822	0.74478	0.00846
824	0.74550	0.00839
826	0.74706	0.00817
828	0.74844	0.00829
830	0.75044	0.00815
832	0.75219	0.00826
834	0.75294	0.00846
836	0.75317	0.00821
838	0.75447	0.00795
840	0.75689	0.00815
842	0.75953	0.00806
844	0.76053	0.00816
846	0.76506	0.00815
848	0.76864	0.00904
850	0.77067	0.01128
852	0.77564	0.01755
854	0.77572	0.01503
856	0.76814	0.01041
858	0.77008	0.00905
860	0.77119	0.00916
862	0.77253	0.00748
864	0.77286	0.00687
866	0.77367	0.00667
868	0.77492	0.00655
870	0.77503	0.00645
872	0.77536	0.00661
874	0.77781	0.00662
876	0.77828	0.00657
878	0.78000	0.00658
880	0.78042	0.00664
882	0.78186	0.00660
884	0.78244	0.00670
886	0.78414	0.00680
888	0.78447	0.00674
890	0.78561	0.00671
892	0.78694	0.00671
894	0.78850	0.00674
896	0.78950	0.00683
898	0.79111	0.00680
900	0.79200	0.00684
902	0.79289	0.00698
904	0.79414	0.00697
906	0.79503	0.00703
908	0.79664	0.00717
910	0.79775	0.00716
912	0.79889	0.00715
914	0.79981	0.00716
916	0.80075	0.00720
918	0.80228	0.00713
920	0.80347	0.00715
922	0.80458	0.00711
924	0.80589	0.00715
926	0.80692	0.00711
928	0.80803	0.00712
930	0.80914	0.00716
932	0.81047	0.00712
934	0.81117	0.00716
936	0.81242	0.00716
938	0.81378	0.00711
940	0.81478	0.00712
942	0.81564	0.00714
944	0.81678	0.00717
946	0.81814	0.00718
948	0.81922	0.00727
950	0.82003	0.00727
952	0.82117	0.00719
954	0.82225	0.00726
956	0.82311	0.00723
958	0.82422	0.00723
960	0.82528	0.00732
962	0.82622	0.00723
964	0.82725	0.00725
966	0.82814	0.00722
968	0.82925	0.00725
970	0.83028	0.00729
972	0.83128	0.00729
974	0.83217	0.00717
976	0.83314	0.00720
978	0.83431	0.00716
980	0.83522	0.00723
982	0.83611	0.00715
984	0.83708	0.00718
986	0.83811	0.00708
988	0.83911	0.00711
990	0.84006	0.00709
992	0.84111	0.00709
994	0.84208	0.00705
996	0.84297	0.00706
998	0.84406	0.00700
1000	0.84506	0.00707
1002	0.84608	0.00698
1004	0.84697	0.00695
1006	0.84783	0.00687
1008	0.84886	0.00691
1010	0.84956	0.00693
1012	0.85072	0.00695
1014	0.85158	0.00686
1016	0.85242	0.00692
1018	0.85336	0.00685
1020	0.85422	0.00682
1022	0.85517	0.00681
1024	0.85614	0.00677
1026	0.85711	0.00679
1028	0.85797	0.00665
1030	0.85883	0.00668
1032	0.85989	0.00664
1034	0.86067	0.00667
1036	0.86158	0.00666
1038	0.86236	0.00665
1040	0.86322	0.00666
1042	0.86406	0.00652
1044	0.86492	0.00662
1046	0.86583	0.00661
1048	0.86678	0.00665
1050	0.86758	0.00655
1052	0.86833	0.00661
1054	0.86917	0.00652
1056	0.87011	0.00654
1058	0.87103	0.00647
1060	0.87164	0.00652
1062	0.87256	0.00656
1064	0.87344	0.00645
1066	0.87417	0.00642
1068	0.87503	0.00647
1070	0.87597	0.00645
1072	0.87672	0.00645
1074	0.87753	0.00640
1076	0.87828	0.00634
1078	0.87906	0.00644
1080	0.87994	0.00636
1082	0.88058	0.00635
1084	0.88156	0.00630
1086	0.88228	0.00628
1088	0.88303	0.00636
1090	0.88389	0.00627
1092	0.88456	0.00631
1094	0.88539	0.00621
1096	0.88603	0.00628
1098	0.88686	0.00617
1100	0.88758	0.00614
1102	0.88839	0.00621
1104	0.88917	0.00618
1106	0.88986	0.00619
1108	0.89050	0.00619
1110	0.89122	0.00615
1112	0.89194	0.00614
1114	0.89272	0.00604
1116	0.89350	0.00605
1118	0.89417	0.00612
1120	0.89483	0.00605
1122	0.89550	0.00606
1124	0.89628	0.00616
1126	0.89694	0.00597
1128	0.89761	0.00603
1130	0.89822	0.00613
1132	0.89903	0.00597
1134	0.89972	0.00595
1136	0.90025	0.00605
1138	0.90097	0.00590
1140	0.90158	0.00604
1142	0.90228	0.00604
1144	0.90281	0.00588
1146	0.90336	0.00597
1148	0.90394	0.00590
1150	0.90458	0.00594
1152	0.90503	0.00590
1154	0.90564	0.00590
1156	0.90619	0.00586
1158	0.90683	0.00580
1160	0.90728	0.00578
1162	0.90792	0.00574
1164	0.90836	0.00576
1166	0.90886	0.00575
1168	0.90942	0.00570
1170	0.91011	0.00569
1172	0.91064	0.00565
1174	0.91133	0.00571
1176	0.91172	0.00565
1178	0.91244	0.00569
1180	0.91297	0.00572
1182	0.91369	0.00563
1184	0.91439	0.00565
1186	0.91503	0.00562
1188	0.91589	0.00559
1190	0.91653	0.00564
1192	0.91725	0.00553
1194	0.91794	0.00548
1196	0.91853	0.00545
1198	0.91911	0.00544
1200	0.91978	0.00539
1202	0.92031	0.00549
1204	0.92081	0.00544
1206	0.92161	0.00539
1208	0.92217	0.00541
1210	0.92261	0.00539
1212	0.92328	0.00538
1214	0.92361	0.00539
1216	0.92428	0.00531
1218	0.92481	0.00538
1220	0.92550	0.00521
1222	0.92594	0.00539
1224	0.92664	0.00530
1226	0.92728	0.00533
1228	0.92753	0.00525
1230	0.92831	0.00535
1232	0.92872	0.00530
1234	0.92933	0.00527
1236	0.92992	0.00535
1238	0.93019	0.00526
1240	0.93083	0.00524
1242	0.93161	0.00524
1244	0.93203	0.00520
1246	0.93275	0.00521
1248	0.93325	0.00521
1250	0.93392	0.00523
1252	0.93453	0.00518
1254	0.93531	0.00518
1256	0.93572	0.00512
1258	0.93611	0.00518
1260	0.93639	0.00520
1262	0.93714	0.00516
1264	0.93689	0.00504
1266	0.93764	0.00512
1268	0.93819	0.00508
1270	0.93867	0.00514
1272	0.93858	0.00514
1274	0.93914	0.00503
1276	0.93931	0.00505
1278	0.93983	0.00509
1280	0.94039	0.00511
1282	0.94100	0.00509
1284	0.94161	0.00506
1286	0.94044	0.00519
1288	0.94094	0.00585
1290	0.94136	0.00573
1292	0.94253	0.00539
1294	0.94136	0.00601
1296	0.94186	0.00551
1298	0.94350	0.00505
1300	0.94400	0.00509
1302	0.94475	0.00504
1304	0.94519	0.00505
1306	0.94517	0.00496
1308	0.94600	0.00504
1310	0.94558	0.00490
1312	0.94647	0.00498
1314	0.94689	0.00494
1316	0.94733	0.00489
1318	0.94739	0.00491
1320	0.94808	0.00490
1322	0.94833	0.00494
1324	0.94917	0.00483
1326	0.94936	0.00487
1328	0.94942	0.00484
1330	0.95003	0.00482
1332	0.95028	0.00482
1334	0.95053	0.00471
1336	0.95081	0.00488
1338	0.95136	0.00481
1340	0.95172	0.00468
1342	0.95214	0.00474
1344	0.95236	0.00487
1346	0.95283	0.00473
1348	0.95311	0.00470
1350	0.95353	0.00476
1352	0.95372	0.00464
1354	0.95394	0.00470
1356	0.95439	0.00480
1358	0.95475	0.00462
1360	0.95489	0.00462
1362	0.95525	0.00477
1364	0.95558	0.00467
1366	0.95592	0.00460
1368	0.95628	0.00480
1370	0.95661	0.00471
1372	0.95689	0.00456
1374	0.95717	0.00465
1376	0.95744	0.00475
1378	0.95769	0.00458
1380	0.95806	0.00456
1382	0.95844	0.00474
1384	0.95872	0.00455
1386	0.95900	0.00448
1388	0.95931	0.00461
1390	0.95956	0.00466
1392	0.95972	0.00455
1394	0.96000	0.00453
1396	0.96033	0.00458
1398	0.96047	0.00456
1400	0.96086	0.00451
1402	0.96117	0.00452
1404	0.96144	0.00452
1406	0.96183	0.00447
1408	0.96197	0.00443
1410	0.96225	0.00446
1412	0.96247	0.00450
1414	0.96292	0.00447
1416	0.96306	0.00436
1418	0.96325	0.00435
1420	0.96350	0.00442
1422	0.96383	0.00436
1424	0.96397	0.00436
1426	0.96417	0.00435
1428	0.96456	0.00432
1430	0.96497	0.00425
1432	0.96506	0.00425
1434	0.96522	0.00439
1436	0.96550	0.00431
1438	0.96589	0.00419
1440	0.96611	0.00423
1442	0.96625	0.00430
1444	0.96636	0.00428
1446	0.96678	0.00422
1448	0.96694	0.00416
1450	0.96694	0.00416
1452	0.96711	0.00423
1454	0.96711	0.00422
1456	0.96731	0.00420
1458	0.96736	0.00416
1460	0.96756	0.00407
1462	0.96775	0.00405
1464	0.96783	0.00411
1466	0.96797	0.00407
1468	0.96808	0.00417
1470	0.96844	0.00400
1472	0.96864	0.00396
1474	0.96894	0.00409
1476	0.96897	0.00407
1478	0.96936	0.00401
1480	0.96956	0.00390
1482	0.96969	0.00391
1484	0.96994	0.00403
1486	0.97000	0.00406
1488	0.97022	0.00392
1490	0.97053	0.00380
1492	0.97069	0.00392
1494	0.97089	0.00395
1496	0.97094	0.00403
1498	0.97117	0.00394
1500	0.97128	0.00388
1502	0.97150	0.00377
1504	0.97169	0.00375
1506	0.97181	0.00384
1508	0.97194	0.00392
1510	0.97200	0.00388
1512	0.97233	0.00385
1514	0.97244	0.00375
1516	0.97256	0.00367
1518	0.97264	0.00379
1520	0.97272	0.00374
1522	0.97294	0.00381
1524	0.97308	0.00377
1526	0.97322	0.00366
1528	0.97331	0.00373
1530	0.97356	0.00366
1532	0.97367	0.00371
1534	0.97381	0.00368
1536	0.97397	0.00369
1538	0.97414	0.00362
1540	0.97428	0.00356
1542	0.97433	0.00352
1544	0.97456	0.00368
1546	0.97458	0.00365
1548	0.97503	0.00359
1550	0.97517	0.00359
1552	0.97533	0.00352
1554	0.97544	0.00357
1556	0.97572	0.00356
1558	0.97619	0.00345
1560	0.97636	0.00350
1562	0.97656	0.00349
1564	0.97697	0.00346
1566	0.97728	0.00340
1568	0.97744	0.00346
1570	0.97764	0.00338
1572	0.97806	0.00327
1574	0.97814	0.00333
1576	0.97808	0.00326
1578	0.97822	0.00329
1580	0.97800	0.00327
1582	0.97794	0.00325
1584	0.97781	0.00337
1586	0.97750	0.00339
1588	0.97714	0.00330
1590	0.97694	0.00333
1592	0.97675	0.00334
1594	0.97625	0.00344
1596	0.97619	0.00355
1598	0.97592	0.00348
1600	0.97558	0.00357
